"name","is_partner","latitude","longitude"
"49 Degrees North","1","48.302353","-117.5640"
"Afton Alps","0","44.854332","-92.79063"
"Alpine Meadows","1","39.148201","-120.1509"
"Alpine Mountain","0","41.114666","-75.22602"
"Alpine Valley","0","41.526939","-81.25988"
"Alpine Valley","0","42.653999","-83.56510"
"Alpine Valley","0","42.735901","-88.42818"
"Alta","1","40.583828","-111.6372"
"Alyeska Resort","1","60.961445","-149.1026"
"Andes Tower Hills","0","45.851013","-95.63053"
"Angel Fire Resort","1","36.387402","-105.2739"
"Apex Mountain","1","49.391090","-119.9032"
"Appalachian Ski Mountain","0","36.174622","-81.66309"
"Apple Mountain","0","43.473991","-84.10163"
"Arapahoe Basin Ski Area","1","39.642464","-105.8718"
"Arizona Snowbowl","0","35.331127","-111.7091"
"Arrowhead","0","43.363941","-72.33351"
"Ascutney Mountain","0","43.468990","-72.47097"
"Asessippi Ski Area","0","50.951019","-101.3399"
"Ashcroft XC","0","39.118900","-106.7964"
"Aspen Highlands","0","39.182522","-106.8559"
"Aspen Mountain","0","39.186714","-106.8192"
"Aspen/Snowmass XC","0","39.118900","-106.7964"
"Attitash","1","44.077778","-71.28277"
"Badger Mountain","0","47.716808","-120.0591"
"Badger Pass","0","37.662590","-119.6644"
"Balsams Wilderness XC","0","44.895000","-71.49610"
"Balsams/Wilderness","0","44.870834","-71.30583"
"Banff Mt Norquay","1","51.188705","-115.5837"
"Bear Creek","0","40.476349","-75.62928"
"Bear Mountain Resort","1","34.222305","-116.8638"
"Bear Notch XC","0","44.077999","-71.28279"
"Bear Valley Mountain Resort","1","38.491100","-120.0229"
"Bear Valley XC","0","38.461712","-120.0421"
"Beaver Creek","1","39.600464","-106.5178"
"Beaver Mountain","0","41.968170","-111.5412"
"Beech Mtn","1","36.197834","-81.87831"
"Belleayre","0","42.132191","-74.50698"
"Berkshire East","0","42.621296","-72.87808"
"Bethel Inn XC","0","44.403801","-70.79110"
"Big Boulder","0","41.050846","-75.60086"
"Big Powderhorn","0","46.509586","-90.09325"
"Big Rock","0","46.555759","-67.86441"
"Big Sky Resort","1","45.273602","-111.3215"
"Big Tupper","0","44.229794","-74.40606"
"Big White Ski Resort (BC)","1","49.888000","-119.4953"
"Bittersweet","0","42.467205","-85.75848"
"Black Mountain","0","44.575199","-70.61080"
"Black Mountain Ski Area","1","44.166027","-71.16130"
"Black River XC","0","43.482899","-75.33699"
"Blackjack","0","46.505482","-89.99733"
"Blacktail Mountain","0","42.844757","-109.9152"
"Blandford","0","42.187962","-72.89939"
"Blow Me Down XC","0","48.580002","-57.57000"
"Blue Hills","0","42.215549","-71.11832"
"Blue Knob","0","40.288036","-78.56211"
"Blue Mountain","0","44.507580","-80.31611"
"Blue Mountain","1","40.810528","-75.52375"
"Blueberry Hill XC","0","43.890202","-73.01030"
"Blueberry Lake XC","0","44.110401","-72.85260"
"Bluewood","0","46.141785","-117.8036"
"Bogus Basin","0","43.643841","-116.2074"
"Bohart Ranch XC","0","45.827202","-110.8837"
"Bolton Valley Resort","1","44.421673","-72.84948"
"Bolton Valley XC","0","44.399601","-72.99250"
"Boreal Mountain Resort","1","39.316502","-120.2702"
"Boston Mills/Brandywine","0","41.285862","-81.55700"
"Bottineau Winter Park","0","48.951225","-100.4742"
"Bousquet","0","42.411945","-73.26865"
"Boyce Park","0","40.486099","-79.73750"
"Boyne Highlands","1","45.469009","-84.93744"
"Boyne Mountain","1","45.172100","-84.91169"
"Bradford","0","42.742695","-71.05674"
"Brantling Ski Slopes","0","43.149933","-77.06562"
"Brattleboro Outing Club","0","42.881802","-72.59249"
"Breckenridge","1","39.480724","-106.0662"
"Bretton Woods","1","44.077122","-71.34040"
"Bretton Woods XC","0","44.252701","-71.44650"
"Brian Head","1","37.692753","-112.8481"
"Bridger Bowl","1","45.817974","-110.8981"
"Brighton Resort","1","40.620697","-111.5920"
"Bristol Mountain","0","42.745548","-77.40378"
"Bromley Mountain","0","43.213402","-72.93501"
"Brundage","0","45.005348","-116.1555"
"Bryce Resort","0","38.817543","-78.76585"
"Buck Hill","0","44.724907","-93.28266"
"Buena Vista","0","47.657742","-94.88080"
"Buffalo Ski Club","0","42.682766","-78.69090"
"Burke Mountain","1","44.587898","-71.91745"
"Buttermilk","0","39.206944","-106.8604"
"Caberfae Peaks","1","44.246399","-85.52369"
"Calabogie Peaks","0","45.274963","-76.78121"
"Callaghan XC","0","50.087799","-123.0008"
"Camden Snow Bowl","0","44.209801","-69.06475"
"Camelback Mountain Resort","1","41.052624","-75.35342"
"Camp 10","0","45.550152","-89.50411"
"Camp Fortune","0","45.509808","75.850723"
"Camp Mercier XC","0","46.995998","-71.36409"
"Camp Sagawau XC","0","41.674702","-87.99790"
"Campgaw Mtn","0","41.058533","-74.19498"
"Canaan Valley Resort","1","39.085400","-79.44370"
"Canada Olympic Park","0","51.082668","-114.2162"
"Canmore Provincial Park XC","0","51.083599","-115.3679"
"Cannon Mountain","1","43.054749","-85.50051"
"Cannonsburg","0","43.060001","-85.50000"
"Canterbury Farm XC","0","42.282902","-73.06330"
"Canyon Ski Area","0","52.304596","-113.6824"
"Caribou Ski Trails XC","0","46.859299","-68.01129"
"Carters Bethel XC","0","44.403801","-70.79110"
"Carters Oxford XC","0","44.132198","-70.49700"
"Cascade Mountain","1","43.503895","-89.51707"
"Cascade XC","0","47.649700","-90.66770"
"Cascade XC","0","44.282101","73.982697"
"Castle Mountain","0","49.462322","-114.1933"
"Cataloochee","1","35.562656","-83.09002"
"Catamount","0","42.169189","-73.47676"
"Centennial Park","0","43.657600","-79.58689"
"Chestnut Mountain","0","42.319019","-90.39241"
"Chicopee","0","43.437420","-80.41749"
"China Peak","1","37.228348","-119.1617"
"Christie Mountain","0","45.511368","-91.38295"
"Christmas Mountain Resort ","1","43.609421","-89.86193"
"Cloudmont","0","34.539051","-85.60405"
"Cockaigne","0","42.265526","-79.16235"
"Coffee Mill","0","44.364666","-92.04380"
"Cooper Spur","0","45.412159","-121.6046"
"Copper Mountain","1","39.501125","-106.1559"
"Corsair XC","0","44.279202","-83.49099"
"Craftsbury Outdoor Center XC","0","44.687401","-72.36129"
"Cranmore Mountain","1","44.055382","-71.11678"
"Cranwell Resort XC","0","42.356400","-73.28420"
"Crested Butte Mountain Resort","1","38.899502","-106.9648"
"Crested Butte XC","0","38.903900","-106.9582"
"Crotched Mountain Resort","1","43.012993","-71.87903"
"Crystal Lake XC","0","41.241501","-76.72390"
"Crystal Mountain","0","49.836800","-119.6309"
"Crystal Mountain","0","46.945900","-121.5802"
"Crystal Mountain","1","44.523788","-86.00089"
"Crystal Mountain XC","0","44.520100","-85.98880"
"Cunninghams Ski Barn XC","0","43.698101","-73.94409"
"Cypress Mountain","0","49.395374","-123.2019"
"Dagmar Ski Resort","0","44.012169","-79.05909"
"Dagmar Ski Resort XC","0","44.002102","-78.99539"
"Dartmouth Skiway","0","43.780884","-72.09635"
"Deer Valley","1","40.620499","-111.4895"
"Devils Elbow","0","44.221645","-78.57426"
"Devils Head Resort","1","43.401600","-89.63670"
"Dexters Inn Norsk XC","0","43.403801","-71.95030"
"Diamond Peak Ski Resort","1","39.249599","-119.9301"
"Discovery","0","46.249229","-113.2393"
"Dodge Ridge","0","38.189896","-119.9571"
"Donner Ski Ranch","0","39.318645","-120.3300"
"Dry Hill","0","43.935375","-75.89714"
"Durango Mountain Resort","1","37.631279","-107.8136"
"Eagle Rock","0","40.924377","-76.10499"
"Eaglecrest","1","58.275566","-134.5144"
"Earl Bales Ski Centre","0","43.752621","-79.43181"
"Eastman XC","0","43.485600","-72.13680"
"Echo Mountain","1","39.685787","-105.3993"
"Edelweiss Valley","0","45.648743","-75.85272"
"Eldora","0","39.937317","-105.5831"
"Elk Mountain","0","41.723827","-75.55417"
"Elk Ridge","0","35.215439","-112.1932"
"Elm Creek","0","45.138218","-93.43969"
"Enchanted Forest XC","0","36.709702","-105.4091"
"Fahnestock Winter Park XC","0","41.424198","-73.67849"
"Fairmont Hot Springs","0","50.339050","-115.8265"
"Falcon Ridge","0","49.704403","-95.19119"
"Fernie Alpine Resort","1","49.504002","-115.0628"
"Five Fields Farm XC","0","44.055000","-70.70400"
"Four Lakes Village","0","41.780144","-88.08194"
"Four Seasons","0","43.035820","-75.97230"
"Franconia XC","0","44.226601","-71.74800"
"Garnet Hill Lodge XC","0","43.743801","-74.05660"
"Gatineau Park XC","0","45.504398","-75.78360"
"Giants Ridge","0","47.578754","-92.30375"
"Glacier Outdoor XC","0","48.369999","-114.1999"
"Glen Eden","0","43.508614","-79.94265"
"Gold Run XC","0","39.482201","-106.0472"
"Gore Mountain","1","43.672653","-74.00717"
"Grand Geneva","1","42.591702","-88.43609"
"Grand Targhee Resort","1","43.742401","-111.0652"
"Grand Targhee XC","0","43.789009","-110.9637"
"Granite Gorge","1","42.971451","-72.21276"
"Granite Gorge XC","0","42.974300","-72.29170"
"Granite Peak","0","44.929382","-89.68309"
"Great Divide","0","46.752800","-112.3122"
"Great Glen Trails XC","0","44.388302","-71.17420"
"Greek Peak","1","42.507919","-76.14254"
"Grouse Mountain","0","49.379292","-123.0830"
"Gunstock Mountain Resort","1","43.551796","-71.36009"
"Gunstock XC","0","43.548801","-71.40709"
"Hanson Hills","0","44.646126","-84.75360"
"Hardwood Ski XC","0","44.522999","-79.57160"
"Harris Farm XC","0","43.545399","-70.59349"
"Hazen's Notch XC","0","44.871498","-72.58660"
"Heavenly","1","38.936611","-119.9396"
"Hemlock Resort","0","49.379662","-121.9348"
"Hickory Hills","0","43.475704","-73.81782"
"Hidden Valley","0","45.357059","-79.13056"
"Hidden Valley","0","41.187489","-74.48070"
"Hidden Valley","0","40.061584","-79.25519"
"Hidden Valley","0","44.270050","-87.76024"
"High Point XC","0","41.240299","-74.60700"
"Highland Lodge XC","0","44.594700","-72.30049"
"Highland's XC","0","44.397800","-80.19460"
"Highlands of Olympia","0","43.087132","-88.47513"
"Hilltop Orchards XC","0","42.389999","-73.38999"
"Hockley Valley","0","43.917679","-80.10509"
"Hogadon","0","42.744774","-106.3381"
"Holiday Mountain","0","41.627056","-74.61193"
"Holiday Valley","1","42.262829","-78.67820"
"HoliMont","0","42.274387","-78.68828"
"Homewood Mountain Resort","1","39.063099","-120.2194"
"Hoodoo","0","44.408646","-121.8715"
"Horseshoe Resort","0","44.550983","-79.67398"
"Horseshoe Resort XC","0","44.390400","-79.68560"
"Huff Hills","0","46.626923","-100.7236"
"Hunter Mountain","1","42.205029","-74.20874"
"Hyland Ski &amp; Snowboard","0","44.844109","-93.36282"
"Indianhead","1","46.499989","-89.97098"
"Izaak Walton Inn XC","0","48.279099","-113.6073"
"Jack Frost","0","41.107296","-75.65228"
"Jackson Hole","1","43.588318","-110.8274"
"Jackson XC","0","44.146599","-71.18289"
"Jay Peak Resort","1","44.928837","-72.50170"
"Jiminy Peak","1","42.556477","-73.29132"
"June Mountain","1","37.767796","-119.0907"
"Justin Trails XC","0","43.939098","-90.82000"
"Kelly Canyon","0","43.645363","-111.6311"
"Kendall Mountain","0","37.811131","-107.6564"
"Keystone","1","39.605011","-105.9534"
"Kicking Horse Mountain Resort","1","51.301899","-116.9665"
"Killington Resort","1","43.619675","-72.80287"
"Kimberley","0","49.687595","-116.0037"
"King Pine","1","43.860630","-71.08812"
"King Pine XC","0","43.901798","-71.14630"
"Kingdom Trails XC","0","44.603401","-71.91380"
"Kirkwood","1","38.683231","-120.0668"
"Kirkwood XC","0","39.855400","-122.1641"
"Kissing Bridge","0","42.601620","-78.65258"
"Labrador Mountain","0","42.741528","-76.03002"
"Lake Louise","1","51.450264","-116.1440"
"Lakeridge Ski Resort","0","44.027214","-79.06401"
"Lapland Lake XC","0","43.226601","-74.16970"
"Las Vegas Ski","0","36.305027","-115.6788"
"Last Frontier Heli Bell 2","0","56.744400","-129.7944"
"Last Frontier Heli Ripley Creek","0","56.744400","-129.7944"
"Le Massif","1","47.280014","-70.60089"
"Liberty Mountain","0","39.763538","-77.37503"
"Loch Lomond","0","48.316311","-89.36158"
"London Ski Club","0","42.945572","-81.33923"
"Lone Mountain Ranch XC","0","45.262299","-111.2954"
"Lookout Pass","1","47.456764","-115.6971"
"Loon Mountain","1","44.056583","-71.62580"
"Lost Trail","1","45.692722","-113.9525"
"Lost Valley","1","44.128464","-70.28244"
"Loup Loup Ski Bowl","0","48.394905","-119.9113"
"Loveland Ski Area","1","39.679993","-105.8959"
"Lutsen Mountains","0","47.660358","-90.71286"
"Mad River","0","40.318474","-83.67951"
"Mad River Glen","1","44.201653","-72.91900"
"Magic Mountain","0","42.188892","-114.2853"
"Magic Mountain","1","43.202049","-72.77404"
"Mammoth Mountain","1","37.639599","-118.9372"
"Manning Park Resort","0","49.371475","-121.4257"
"Mansfield Outdoor Centre XC","0","45.444302","-76.37830"
"Maple Corner Farm XC","0","42.067001","-72.87619"
"Maple Ski Ridge","0","42.818039","-74.03158"
"Marmot Basin","1","52.802761","-118.0836"
"Marquette","0","46.508183","-87.42050"
"Martock","0","44.935883","-64.17260"
"Massanutten","1","38.404167","-78.75549"
"Maverick","0","45.433876","-113.1282"
"McCauley","0","43.698162","-74.96315"
"McIntyre Ski Area","0","43.005901","-71.44061"
"Meadowlark Ski Lodge","0","44.160507","-107.2190"
"Methow Valley XC","0","48.473701","-120.1774"
"Middlebury College Snow Bowl","0","44.007603","-73.17718"
"Millstone XC","0","44.159000","-72.45600"
"Minocqua Winter Park XC","0","45.870899","-89.70990"
"Mission Ridge","1","47.315800","-120.3859"
"Mohawk Mountain","0","41.838745","-73.31340"
"Mohonk Mt House XC","0","41.746101","-74.10559"
"Monarch Mountain","1","38.512714","-106.3316"
"Mont Avila","0","45.886005","-74.13316"
"Mont Belu","0","48.275799","-70.90560"
"Mont Blanc","0","46.109421","-74.48361"
"Mont Gabriel","0","45.888000","-74.15300"
"Mont Gleason","0","45.929543","-71.95632"
"Mont Habitant","0","45.881523","-74.17900"
"Mont Olympia","0","45.922600","-74.11419"
"Mont Orford","0","45.318085","-72.21884"
"Mont Rigaud","0","45.471199","-74.32759"
"Mont Ripley","0","47.127411","-88.56015"
"Mont Saint-Sauveur","0","45.886395","-74.14829"
"Mont Sainte Anne","1","47.048698","-70.88760"
"Mont Ste-Marie","0","45.941689","-75.87426"
"Mont Sutton","0","45.104774","-72.56049"
"Mont Tremblant Resort","1","46.213696","-74.58464"
"Montana Snowbowl","0","47.014088","-114.0001"
"Montecito Lake Resort","0","36.787201","-118.6607"
"Moonlight Basin","1","45.265999","-111.2530"
"Morse Farm XC","0","44.256901","-72.56980"
"Mount Bohemia","0","47.387936","-88.02306"
"Mount Brighton","0","42.541206","-83.81285"
"Mount Kato","0","44.132942","-94.03361"
"Mount Pleasant","0","41.879200","-80.14980"
"Mount Seymour","0","49.364853","-122.9489"
"Mount Snow Resort","1","42.968166","-72.89360"
"Mount Sunapee","0","43.341194","-72.07539"
"Mountain Creek Resort","1","41.190701","-74.49669"
"Mountain High Resort","1","34.376888","-117.6915"
"Mountain Meadows XC","0","44.063999","-72.08210"
"Mountain Top at Grand Geneva","0","42.613338","-88.39578"
"Mountain Top XC","0","43.701900","-72.93759"
"Mountain Trails XC","0","42.195900","-74.14579"
"Mountain View","0","44.733383","-79.92115"
"Mt Ashland","0","42.081207","-122.7169"
"Mt Baker","0","48.910599","-121.7601"
"Mt Baldy","0","49.151848","-119.2395"
"Mt Holiday","0","44.744221","-85.51408"
"Mt Holly","0","42.831715","-83.56362"
"Mt Hood Meadows","0","45.331936","-121.6656"
"Mt Hood Skibowl","0","45.301216","-121.7734"
"Mt Jefferson","0","45.355461","-68.28363"
"Mt LaCrosse","0","43.749863","-91.20027"
"Mt Pakenham","0","45.324722","-76.32826"
"Mt Pakenham XC","0","45.322430","-76.33292"
"Mt Peter","0","41.247757","-74.29499"
"Mt Shasta","0","41.320686","-122.2035"
"Mt Southington","0","41.583607","-72.92492"
"Mt Spokane","0","47.921261","-117.0961"
"Mt St Louis-Moonstone","0","44.700203","-79.64238"
"Mt Timothy","0","51.915737","-121.2519"
"Mt Washington Alpine Resort","0","49.740955","-125.2985"
"Mt. Abram Resort","1","44.398224","-70.70151"
"Mt. Bachelor","1","44.003559","-121.6786"
"Mt. Baldy","1","34.269596","-117.6218"
"Mt. Rose Ski Tahoe","1","39.328300","-119.8786"
"Murray Ridge","0","54.517895","-124.2112"
"Mystic Mountain at Nemacolin Woodlands","0","39.802898","-79.55439"
"Nakiska Ski Area","0","50.940636","-115.1503"
"Nashoba Valley","1","42.540779","-71.44261"
"New Hermon Mtn","0","44.787392","-68.94641"
"Nordic Heritage XC","0","46.681702","-68.01529"
"Nordic Mountain","0","44.118801","-89.17636"
"Nordic Skier XC","0","43.584099","-71.20739"
"North Shore XC","0","47.576302","-90.83149"
"Northfield Mtn XC","0","42.691898","-72.45729"
"Northstar at Tahoe","0","39.275173","-120.1220"
"Norway Mountain","0","45.788982","-87.87011"
"Notchview Reservation XC","0","42.510899","-73.05580"
"Nub's Nob","0","45.472771","-84.90556"
"Oak Hill Farms XC","0","42.757500","-74.29380"
"Oak Mountain","0","43.514385","-74.36156"
"Ober Gatlinburg","0","35.703381","-83.55771"
"Okemo Mountain","0","43.401806","-72.71670"
"Okemo Nordic Center","0","43.398998","-72.70349"
"Ole's XC","0","44.185001","-72.84369"
"Olympic Sports Complex XC","0","44.282101","-73.98269"
"Osceola Tug Hill XC","0","43.329102","-75.72229"
"Oshawa Ski Club","0","44.024799","-78.57812"
"Otis Ridge","0","42.193005","-73.09204"
"Otsego Ski Club","0","45.027302","-84.66600"
"Owl's Head","0","45.074642","-72.29780"
"Pajarito","0","35.894924","-106.3904"
"Panorama Mountain Village","1","50.457012","-116.2367"
"Paoli Peaks","0","38.554459","-86.51244"
"Parc National Gaspesie XC","0","49.129700","-66.48719"
"Parc National Mont Orford XC","0","45.305698","-72.16519"
"Parc National Mont-Tremblant XC","0","46.206600","-74.47200"
"Park City Mountain Resort","1","40.651375","-111.5081"
"Pats Peak","1","43.180679","-71.83341"
"Pattison XC","0","46.535000","-92.12100"
"Pebble Creek","0","42.778393","-112.1590"
"Peek' n Peak","0","42.062164","-79.73565"
"Perfect North Slopes","0","39.147919","-84.88623"
"Pico Mountain","1","43.663277","-72.84261"
"Pine Hill XC","0","43.419998","-72.01000"
"Pine Knob","0","42.740772","-83.37962"
"Pine Mountain","0","45.839520","-88.08902"
"Pine Ridge","0","44.400002","-79.63999"
"Pineland Farms XC","0","43.965500","-70.28289"
"Pineridge XC","0","42.750801","-73.34629"
"Plattekill Mountain","1","42.290169","-74.65347"
"Pomerelle","0","42.317749","-113.6079"
"Powder King","0","55.310783","-123.1217"
"Powder Mountain","1","41.379318","-111.7815"
"Powder Ridge","0","45.342857","-94.30513"
"Powderhorn","1","39.069778","-108.1513"
"Powderhouse Hill","0","43.240002","-70.79000"
"Prospect Mountain XC","0","42.884800","-73.18569"
"Quechee Lakes","0","43.657799","-72.43820"
"Radcliffe Hills","0","45.470001","-77.66999"
"Ragged Mountain Resort","1","43.486305","-71.84200"
"Raging Buffalo","0","42.147625","-88.29274"
"Rangeley Lakes XC","0","44.980999","-70.64700"
"Red Lodge","0","45.191021","-109.3350"
"Red Mountain Resort","1","49.105343","-117.8190"
"Red River Ski and Ride Area","1","36.708698","-105.4115"
"Revelstoke Mountain Resort","1","50.954697","-118.1506"
"Rikert Middlebury XC","0","44.004700","-73.16629"
"Royal Mountain","0","43.083813","-74.50532"
"Saddleback","1","44.983387","-70.63296"
"Salmon Hills XC","0","43.533401","-75.82129"
"Sandia Peak","0","35.191242","-106.4870"
"Sapphire Valley","0","35.124577","-83.05896"
"Sawkill Family Ski Center","0","41.985600","-74.04499"
"Scenic Caves Nordic","0","44.500801","-80.21690"
"Schweitzer Mountain","0","47.499401","-116.1168"
"Searchmont Resort","0","46.769791","-84.04944"
"Searchmont XC","0","46.510201","-84.33200"
"Seven Oaks - IA","1","42.031174","-93.95364"
"Seven Springs","1","40.024590","-79.28378"
"Shanty Creek Resorts","1","44.950039","-85.18447"
"Shawnee Mountain Ski Area","1","41.036880","-75.07811"
"Shawnee Peak","1","44.053791","-70.81752"
"Showdown","0","46.838413","-110.6989"
"Sierra-At-Tahoe","1","38.792763","-120.0900"
"Silver Mountain","1","47.542999","-116.1356"
"Silver Star Resort (BC)","1","50.438702","-119.2086"
"Silverton Mountain","0","37.884022","-107.6654"
"Sipapu Ski and Summer Resort","1","36.189098","-105.6763"
"Sir Sam's","0","45.130501","-78.48284"
"Ski Anthony Lakes","0","44.963585","-118.2337"
"Ski Apache","0","33.397358","-105.7892"
"Ski Big Bear","0","41.522396","-75.02400"
"Ski Bromont","0","45.301502","-72.63687"
"Ski Brule","0","46.029629","-88.70086"
"Ski Butternut","1","42.186001","-73.32000"
"Ski Cooper","1","39.360184","-106.3019"
"Ski Denton","0","41.777023","-77.82847"
"Ski La Reserve","0","46.283379","-74.18612"
"Ski Morin Heights","0","45.899418","-74.26794"
"Ski Roundtop","0","40.110374","-76.92444"
"Ski Santa Fe","0","35.795902","-105.8035"
"Ski Sawmill","0","41.525658","-77.28308"
"Ski Snowstar","0","41.424934","-90.74382"
"Ski Sundown","0","41.884308","-72.94744"
"Ski Ward","1","42.303642","-71.68135"
"Skyloft Ski Club","0","44.030098","-79.07718"
"Sleeping Giant","1","44.467968","-109.4071"
"Sleepy Hollow Inn XC","0","44.303101","-72.97530"
"Smugglers' Notch","1","44.589092","-72.78833"
"Smugglers' Notch XC","0","44.639198","-72.82250"
"Sno Mountain","0","41.350140","-75.67382"
"Snow Creek","0","39.466301","-94.97309"
"Snow King Ski Resort","1","43.473301","-110.7576"
"Snow Mountain XC","0","39.993000","-105.8462"
"Snow Ridge","0","43.639801","-75.42045"
"Snow Snake","0","43.958687","-84.78007"
"Snow Summit Mountain Resort","1","34.235699","-116.8883"
"Snow Trails","0","40.671329","-82.50119"
"Snow Valley","0","34.236214","-116.8899"
"Snow Valley","0","44.412907","-79.79142"
"Snowbasin","1","41.214596","-111.8597"
"Snowbird Ski and Summer Resort","1","40.581074","-111.6570"
"Snowhaven","0","45.869183","-116.0901"
"Snowmass","0","39.198471","-106.9491"
"Snowshoe Mountain","1","38.400002","-79.98999"
"Snowy Range","1","41.296787","-105.6263"
"Soda Springs","0","39.321053","-120.3798"
"Sol Vista Basin at Granby Ranch","0","40.044636","-105.9061"
"Soldier Hollow XC","0","40.512199","-111.4754"
"Soldier Mountain","0","43.484657","-114.8290"
"Solitude Ski Resort","1","40.625648","-111.6007"
"Song Mountain","0","42.774345","-76.15879"
"Spirit Mountain","1","46.754299","-92.26989"
"Spout Springs","0","45.754829","-118.0515"
"Spring Mountain","0","40.270802","-75.45124"
"Spruce Mountain","0","44.530075","-70.23284"
"Squaw Valley USA","0","39.196045","-120.2332"
"Starlight Lake XC","0","41.917999","-75.32199"
"Station Duchesnay XC","0","46.844398","-71.61509"
"Station Mont Sainte Anne XC","0","47.116798","-70.85980"
"Steamboat","1","40.458214","-106.8057"
"Steamboat XC","0","40.482700","-106.8289"
"Stevens Pass","1","47.760460","-121.4212"
"Stevens Pass XC","0","47.711899","-121.3582"
"Stoneham Mountain Resort","1","47.026726","-71.38718"
"Storrs Hill","0","43.637299","-72.24759"
"Stowe Mountain Resort","1","44.530502","-72.78687"
"Stowe Mountain XC","0","44.476898","-72.70269"
"Strathcona Wilderness Centre XC","0","53.552898","-113.1480"
"Stratton Mountain","0","43.114017","-72.90630"
"Stump Sprouts XC","0","42.614399","-72.87760"
"Sugar Bowl","0","39.305447","-120.3332"
"Sugar Mountain","0","-81.85652","36.129841"
"Sugarbush","1","44.145721","-72.87931"
"Sugarloaf","1","45.067280","-70.31514"
"Sugarloaf Outdoor XC","0","45.075100","-70.21150"
"Suicide Six","0","43.665138","-72.54345"
"Summit at Snoqualmie-Alpental","0","47.412987","-121.4123"
"Summit at Snoqualmie-Central","0","47.402531","-121.4178"
"Summit at Snoqualmie-East","0","47.511002","-121.8564"
"Summit at Snoqualmie-West","0","47.511002","-121.8564"
"Sun Peaks","0","50.877369","-119.9132"
"Sun Valley Resort","1","43.709999","-114.3399"
"Sun Valley XC","0","43.704712","-114.3484"
"Sunburst","0","43.493805","-88.22409"
"Sundance Resort Utah","1","40.392860","-111.5811"
"Sunday River","1","44.550358","-70.90739"
"Sunday River XC","0","44.493999","-70.79380"
"Sundown Mountain","0","42.515656","-90.81922"
"Sunlight Mountain Resort","1","39.399391","-107.3389"
"Sunrise Park","0","33.975109","-109.5665"
"Sunshine Village","1","51.174175","-115.6826"
"Swain","0","42.467758","-77.87354"
"Swiss Valley","0","41.954605","-85.82730"
"Tahoe Donner","0","39.354725","-120.2579"
"Tahoe Donner XC","0","39.331100","-120.1940"
"Tahoe XC","0","39.170601","-120.1412"
"Talisman Resort","0","44.393085","-80.54641"
"Tamarack Resort","1","44.731400","-116.0783"
"Tanglwood","0","41.415634","-75.16605"
"Taos Ski Valley","1","36.596199","-105.4506"
"Telemark XC","0","46.176601","-90.92320"
"Telluride","1","37.932961","-107.8507"
"Tennessee Pass XC","0","39.259998","-106.3000"
"Tenney Mountain","0","43.749588","-71.68882"
"The Canyons","1","40.685390","-111.5562"
"The Homestead","0","38.157120","-78.57527"
"The Homestead","0","38.050499","-79.78389"
"Thunder Ridge","1","41.487400","-73.57679"
"Timber Creek XC","0","42.884300","-72.87570"
"Timber Ridge","0","42.391422","-85.77992"
"Timberline Four Seasons","1","39.037655","-79.39845"
"Timberline Lodge","1","45.291187","-121.7672"
"Titcomb Mountain","0","44.650002","-70.17083"
"Titcomb Mountain XC","0","44.661800","-70.16030"
"Titus Mountain","0","44.764561","-74.23406"
"TLH Heliskiing","0","50.850163","-122.8330"
"Toggenburg","0","42.826427","-75.95990"
"Trapp Family Lodge XC","0","44.476898","-72.70269"
"Tree Haven Trails XC","0","42.974499","-74.15110"
"Treetops","0","45.027542","-84.58796"
"Tremblant XC","0","46.212299","-74.58799"
"Trollhaugen","0","45.353683","-92.61296"
"Turner Mountain","0","48.605389","-115.6307"
"Tussey Mountain","0","40.770012","-77.75507"
"Tuxedo Ridge","0","41.248287","-74.22672"
"Tyrol Basin","0","43.046310","-89.78319"
"Uplands","0","43.824108","-79.44295"
"Vail","1","39.605026","-106.3561"
"Vail Golden Peak Nordic","0","39.626186","-106.3769"
"Val D'Irene","0","48.472408","-67.57192"
"Viking Nordic XC","0","43.235901","-72.84020"
"Villa Olivia","0","42.013111","88.217896"
"Vista Verde Ranch XC","0","40.707401","-106.9186"
"Vorlage","0","45.648609","-75.93226"
"Wachusett ","0","42.503555","-71.88542"
"Warner Canyon","0","42.191898","-120.3524"
"Waterville Valley","1","43.961613","-71.51998"
"Waterville Valley XC","0","43.950001","-71.51000"
"Welch Village","0","44.560890","-92.72877"
"West Mountain","0","43.285267","-73.72324"
"Weston Ski Track XC","0","42.369099","-71.29879"
"Whaleback","1","43.604446","-72.17202"
"Whistler Blackcomb","0","50.106930","-122.9220"
"Whistler Lost Lake XC","0","50.130760","-122.9321"
"Whistler XC","0","50.115898","-122.9593"
"White Grass XC","0","39.023201","-79.42700"
"White Pass","0","46.638180","-121.3893"
"White Pine","0","48.015190","-114.3692"
"Whitecap Mountain","0","46.407742","-90.39542"
"Whiteface - Lake Placid","1","44.356506","-73.87061"
"Whitefish Mountain Resort","1","48.482510","-114.3573"
"Whitetail","0","39.741909","-77.93263"
"Whitewater Ski Resort","1","49.440620","-117.1404"
"Wild Mountain","1","45.476398","-92.69719"
"Wild Wings XC","0","43.221699","-72.89740"
"Wildcat Mountain","1","44.264626","-71.23672"
"Willamette Pass","0","43.599289","-122.0366"
"Willard Mountain","0","43.021530","-73.51596"
"Wilmot Mountain","0","42.501530","-88.18884"
"Windblown XC","0","42.758701","-71.85859"
"Windham Mountain","1","42.295597","-74.25994"
"Winding Trails XC","0","41.724998","-72.83210"
"Winter Park Resort","1","39.891563","-105.7642"
"Wintergreen Resort","1","37.921452","-78.94736"
"Winterplace","1","37.595940","-81.11824"
"Wisp","1","39.559349","-79.36253"
"Wolf Creek","0","37.472458","-106.7932"
"Wolf Creek Utah","0","41.309471","-111.8642"
"Wolf Ridge","0","35.955116","-82.50885"
"Woodbury","0","41.584572","-73.25093"
"Woods Valley","0","43.301773","-75.38260"
"Woodstock XC","0","43.628300","-72.53980"
"Yawgoo Valley","0","41.517590","-71.52723"
"Yosemite XC","0","37.652699","-119.0389"